﻿<?xml version="1.0" encoding="UTF-8" standalone="yes"?>
<addon id="repository.vikingsbuilds" name="[B][COLOR yellow].Vikings  [COLOR orange]Repo[/B][/COLOR]" version="0.0.41" provider-name="Vikings Build">
	<extension point="xbmc.addon.repository" name="Repositorio Vikings Build">
		<info compressed="false">http://raw.github.com/vikingsbuild/repository.vikingsbuilds/master/addons.xml</info>
		<checksum>http://raw.github.com/vikingsbuild/repository.vikingsbuilds/master/addons.xml.md5</checksum>
		<datadir zip="true">http://raw.github.com/vikingsbuild/repository.vikingsbuilds/master/repo/</datadir>
	</extension>
	<extension point="xbmc.addon.metadata">
		<summary>Repositorio Vikings Build</summary>
		<description>Repositorio oficial Vikings Build - Proibido reproducao sem previa autorizacao</description>
		<disclaimer></disclaimer>
		<platform>all</platform>
	</extension>
</addon>