<?xml version="1.0" encoding="utf-8"?>
<window>
	<defaultcontrol>9000</defaultcontrol>
	<allowoverlays>true</allowoverlays>
	<controls>
	
	
	
	<control type="image" id="1">
      <left>33</left>
      <top>100</top>
      <width>1210</width>
      <height>273</height>
      <visible>Control.IsVisible(115)</visible>
      <colordiffuse>FFFFFFFF</colordiffuse>
      <fadetime>200</fadetime>
      <texture>latest_news_box.png</texture>
      <aspectratio>keep</aspectratio>
	</control>
	
	
	<control type="image" id="2">
      <left>33</left>
      <top>380</top>
      <width>400</width>
      <height>256</height>
      <visible>Control.IsVisible(115)</visible>
      <colordiffuse>FFFFFFFF</colordiffuse>
      <fadetime>200</fadetime>
      <texture>trending_426x255.png</texture>
      <!-- <aspectratio>keep</aspectratio> -->
	</control>
	
	
	<control type="image" id="3">
      <left>440</left>
      <top>380</top>
      <width>400</width>
      <height>256</height>
      <visible>Control.IsVisible(115)</visible>
      <colordiffuse>FFFFFFFF</colordiffuse>
      <fadetime>200</fadetime>
      <texture>top20_426x255.png</texture>
      <!-- <aspectratio>keep</aspectratio> -->
	</control>
	
	<control type="image" id="4">
      <left>850</left>
      <top>380</top>
      <width>390</width>
      <height>256</height>
      <visible>Control.IsVisible(115)</visible>
      <colordiffuse>FFFFFFFF</colordiffuse>
      <fadetime>200</fadetime>
      <texture>promotions_426x255.png</texture>
      <!-- <aspectratio>keep</aspectratio> -->
	</control>
	
	
	
	<control type="image" id="5">
      <left>830</left>
      <top>140</top>
      <width>400</width>
      <height>225</height>
      <visible>Control.IsVisible(115)</visible>
      <colordiffuse>FFFFFFFF</colordiffuse>
      <fadetime>200</fadetime>
      <texture>video_disabled_box.png</texture>
      <!-- <aspectratio>keep</aspectratio> -->
	</control>
	
	
	
		<control type="scrollbar" id="105">
		  <description></description>
		  <posx>810</posx>
		  <posy>155</posy>
		  <width>15</width>
		  <height>200</height>
		  <!-- <onleft>50</onleft> -->
		  <!--onright>71</onright-->
		  <texturesliderbackground>scrollbar_background1.png</texturesliderbackground>
		  <texturesliderbar>scrollbar_bar1.png</texturesliderbar>
		  <texturesliderbarfocus>scrollbar_bar_focus1.png</texturesliderbarfocus>
		  <textureslidernib>-</textureslidernib>
		  <textureslidernibfocus>-</textureslidernibfocus>
		  <orientation>vertical</orientation>
		  <visible>Control.IsVisible(115)</visible>
		  <colordiffuse>0xff307be0</colordiffuse>
		</control>
	
	
	
	 <control type="list" id="106">
      <description></description>
      <left>60</left>
      <top>150</top>
      <width>750</width>
      <height>200</height>
      <visible>Control.IsVisible(115)</visible>
      <onup>2</onup>
      <ondown>3</ondown>
      <onleft>1</onleft>
      <onright>1</onright>
      <viewtype label="3D list">list</viewtype>
      <orientation>vertical</orientation>
      <pagecontrol>105</pagecontrol>
      <scrolltime tween="sine" easing="out">200</scrolltime>
      <itemlayout width="750" height="32">
				<control type="image">
                        <width>750</width>
                        <height>32</height>
                        <left>0</left>
                        <top>0</top>
                        <!-- <visible>Control.HasFocus(106)</visible> -->
                        <texture>list2.png</texture>
                </control>
                <control type="label">
                        <left>20</left>
                        <top>3</top>
                        <width>750</width>
                        <height>22</height>
                        <font>font13</font>
                        <aligny>center</aligny>
                        <selectedcolor>green</selectedcolor>
                        <align>left</align>
						<!-- <label>This will be on the first line</label> -->
                        <info>ListItem.Label</info>
                </control>
      </itemlayout>
      <focusedlayout height="32" width="750">
                <control type="image">
                        <width>750</width>
                        <height>32</height>
                        <left>0</left>
                        <top>0</top>
                        <!-- <visible>Control.HasFocus(106)</visible> -->
                        <texture>list2b.png</texture>
                </control>
                <control type="label">
                        <left>20</left>
                        <top>3</top>
                        <width>750</width>
                        <height>22</height>
                        <font>font13</font>
                        <aligny>center</aligny>
                        <selectedcolor>green</selectedcolor>
                        <align>left</align>
                        <info>ListItem.Label</info>
                </control>
	  </focusedlayout>
	</control>
	
	
	
	
	
	
	
	
	
	
	
	
		<control type="scrollbar" id="107">
		  <description></description>
		  <posx>407</posx>
		  <posy>415</posy>
		  <width>15</width>
		  <height>210</height>
		  <!-- <onleft>50</onleft> -->
		  <!--onright>71</onright-->
		  <texturesliderbackground>scrollbar_background1.png</texturesliderbackground>
		  <texturesliderbar>scrollbar_bar1.png</texturesliderbar>
		  <texturesliderbarfocus>scrollbar_bar_focus1.png</texturesliderbarfocus>
		  <textureslidernib>-</textureslidernib>
		  <textureslidernibfocus>-</textureslidernibfocus>
		  <orientation>vertical</orientation>
		  <visible>Control.IsVisible(115)</visible>
		  <colordiffuse>0xff307be0</colordiffuse>
		</control>
	
	
	
	 <control type="list" id="108">
      <description></description>
      <left>43</left>
      <top>410</top>
      <width>360</width>
      <height>220</height>
      <visible>Control.IsVisible(115)</visible>
      <onup>2</onup>
      <ondown>3</ondown>
      <onleft>1</onleft>
      <onright>1</onright>
      <viewtype label="3D list">list</viewtype>
      <orientation>vertical</orientation>
      <pagecontrol>107</pagecontrol>
      <scrolltime tween="sine" easing="out">200</scrolltime>
      <itemlayout width="360" height="30">
				<control type="image">
                        <width>360</width>
                        <height>32</height>
                        <left>0</left>
                        <top>0</top>
                        <!-- <visible>Control.HasFocus(106)</visible> -->
                        <texture>list2.png</texture>
                </control>
                <control type="label">
                        <left>20</left>
                        <top>3</top>
                        <width>360</width>
                        <height>22</height>
                        <font>font12</font>
                        <aligny>center</aligny>
                        <selectedcolor>green</selectedcolor>
                        <align>left</align>
						<!-- <label>This will be on the first line</label> -->
                        <info>ListItem.Label</info>
                </control>
      </itemlayout>
      <focusedlayout height="30" width="360">
                <control type="image">
                        <width>360</width>
                        <height>32</height>
                        <left>0</left>
                        <top>0</top>
                        <!-- <visible>Control.HasFocus(106)</visible> -->
                        <texture>list2b.png</texture>
                </control>
                <control type="label">
                        <left>20</left>
                        <top>3</top>
                        <width>375</width>
                        <height>22</height>
                        <font>font12</font>
                        <aligny>center</aligny>
                        <selectedcolor>green</selectedcolor>
                        <align>left</align>
                        <info>ListItem.Label</info>
                </control>
	  </focusedlayout>
	</control>
		
	
	
	
	
	
	
	
	
	
	
	
	
		<control type="scrollbar" id="109">
		  <description></description>
		  <posx>813</posx>
		  <posy>415</posy>
		  <width>15</width>
		  <height>210</height>
		  <!-- <onleft>50</onleft> -->
		  <!--onright>71</onright-->
		  <texturesliderbackground>scrollbar_background1.png</texturesliderbackground>
		  <texturesliderbar>scrollbar_bar1.png</texturesliderbar>
		  <texturesliderbarfocus>scrollbar_bar_focus1.png</texturesliderbarfocus>
		  <textureslidernib>-</textureslidernib>
		  <textureslidernibfocus>-</textureslidernibfocus>
		  <orientation>vertical</orientation>
		  <visible>Control.IsVisible(115)</visible>
		  <colordiffuse>0xff307be0</colordiffuse>
		</control>
	
	
	
	 <control type="list" id="110">
      <description></description>
      <left>450</left>
      <top>410</top>
      <width>360</width>
      <height>220</height>
      <visible>Control.IsVisible(115)</visible>
      <onup>2</onup>
      <ondown>3</ondown>
      <onleft>1</onleft>
      <onright>1</onright>
      <viewtype label="3D list">list</viewtype>
      <orientation>vertical</orientation>
      <pagecontrol>109</pagecontrol>
      <scrolltime tween="sine" easing="out">200</scrolltime>
      <itemlayout width="360" height="30">
				<control type="image">
                        <width>360</width>
                        <height>32</height>
                        <left>0</left>
                        <top>0</top>
                        <!-- <visible>Control.HasFocus(106)</visible> -->
                        <texture>list2.png</texture>
                </control>
                <control type="label">
                        <left>20</left>
                        <top>3</top>
                        <width>360</width>
                        <height>22</height>
                        <font>font12</font>
                        <aligny>center</aligny>
                        <selectedcolor>green</selectedcolor>
                        <align>left</align>
						<!-- <label>This will be on the first line</label> -->
                        <info>ListItem.Label</info>
                </control>
      </itemlayout>
      <focusedlayout height="30" width="360">
                <control type="image">
                        <width>360</width>
                        <height>32</height>
                        <left>0</left>
                        <top>0</top>
                        <!-- <visible>Control.HasFocus(106)</visible> -->
                        <texture>list2b.png</texture>
                </control>
                <control type="label">
                        <left>20</left>
                        <top>3</top>
                        <width>375</width>
                        <height>22</height>
                        <font>font12</font>
                        <aligny>center</aligny>
                        <selectedcolor>green</selectedcolor>
                        <align>left</align>
                        <info>ListItem.Label</info>
                </control>
	  </focusedlayout>
	</control>	
	
	
	
	
	
	
	
	
	<control type="label" id="115">
        <description></description>
        <left>80</left>
        <top>60</top>
        <width>250</width>
        <!-- <visible>false</visible> -->
        <align>center</align>
        <aligny>center</aligny>
        <scroll>false</scroll>
        <label>6</label>
        <info></info>
        <number></number>
        <angle></angle>
        <haspath>false</haspath>
        <font>font14</font>
        <textcolor>FFB2D4F5</textcolor>
        <shadowcolor>ff000000</shadowcolor>
        <wrapmultiline>false</wrapmultiline>
        <scrollspeed>50</scrollspeed>
        <scrollsuffix> - </scrollsuffix>
	</control>
	
	
	
	
	
	
	
		<control type="videowindow">
			<description>VideoWindow</description>
			<posx>830</posx>
            <posy>140</posy>
			<width>400</width>      
			<height>225</height>
			<align>center</align>
			<aligny>center</aligny>
			<aspectratio>keep</aspectratio>
			<visible>True</visible>
		</control>
	</controls>
</window>