<?xml version="1.0" encoding="UTF-8" standalone="yes"?>
<addon id="TopAddons" name="Top Addons" version="1.0.0" provider-name="Gfake">
  <requires>
    <import addon="xbmc.python" version="2.1.0"/>
	<import addon="script.module.beautifulsoup" version="3.2.1"/>
    <import addon="script.module.simple.downloader" version="0.9.4"/>
    <import addon="script.module.beautifulsoup4" />
    <import addon="script.module.requests" />
    <import addon="script.module.httplib2" />
    <import addon="script.module.youtube.dl" optional="true"/>
    <import addon="plugin.video.youtube"/>
    <import addon="script.module.urlresolver" />
    <import addon="script.module.simplejson" />    
    <import addon="script.module.livestreamer" optional="true"/>
    <import addon="script.module.pyamf" optional="true"/>
	<import addon="script.module.addon.common" version="2.0.0"/>
	<import addon="script.module.futures" />
	<import addon="script.module.idna" />
	<import addon="script.module.metahandler" />
	<import addon="script.module.myconnpy" />
	<import addon="script.module.resolveurl" />
	<import addon="script.module.schism.common" />
	<import addon="script.module.six" />
	<import addon="script.module.universalscrapers" />
	<import addon="script.module.urllib3" />
	<import addon="script.neptune.artwork" />
	<import addon="script.neptune.metadata" />
	<import addon="script.module.placenta" />
	<import addon="script.placenta.artwork" />
	<import addon="script.placenta.metadata" />
	<import addon="script.common.plugin.cache" />
	<import addon="script.module.parsedom" />
	<import addon="script.module.t0mm0.common" />
  </requires>
  <extension point="xbmc.python.pluginsource" library="default.py">
        <provides>video</provides>
  </extension>
  <extension point="xbmc.addon.metadata">
		<summary lang="en">Top Addons Repo Install</summary>
		<description lang="en">Melhores addons da atualidade reunidos em um so lugar.</description>
		<disclaimer lang="en">Addon que permite instalar os melhores Addons de forma rapida e simples</disclaimer>
		<forum>none</forum>
		<source></source>
		<website></website>
		<platform>all</platform>
	</extension>
</addon>


