<?xml version="1.0" encoding="UTF-8"?>
<addon id="repository.rato.tv"
  version="1.0.0"
  name="Rato-TV repository"
  provider-name="Rato">
  <extension point="xbmc.addon.repository"
    name="repository with ratotv addons">
    <info compressed="false">http://tralhas.xyz/kodi/addons.xml</info>
    <checksum>http://tralhas.xyz/kodi/addons.xml.md5</checksum>
    <datadir zip="true">http://tralhas.xyz/kodi/repo/</datadir>
  </extension>
  <extension point="xbmc.addon.metadata">
    <summary>Rato-TV repository</summary>
    <description>
    </description>
    <platform>all</platform>
  </extension>
</addon>
