<?xml version="1.0" encoding="UTF-8" standalone="yes"?>
<addon id="plugin.video.arquivobrasil" name="Arquivo Brasil" version="1.4.0" provider-name="AddonBrasil">
  <requires>
    <import addon="xbmc.python" version="2.1.0"/>
		<import addon="script.module.urlresolver" version="2.10.0"/>
  </requires>
	
  <extension point="xbmc.python.pluginsource" library="addon.py">
    <provides>video</provides>
  </extension>
	
  <extension point="xbmc.addon.metadata">
    <language>en</language>
    <platform>all</platform>
    <summary lang="en">Arquivo Brasil</summary>
    <description lang="en">O Arquivo Brasil e um agregador de episodios de novelas, series, programas de variedades, programas jornalísticos e esportivos brasileiros.
	ATENCAO : Nosso addon foi ROUBADO e esta sendo chamado de SUPER MILTON SHOW TV, nao temos nenhuma ligacao com o o autor deste outro addon. Este aqui e o addon OFICIAL e 100% FUNCIONAL.
	</description>
    <platform>all</platform>
  </extension>
</addon>
