<?xml version="1.0" encoding="UTF-8"?>
<addon id="plugin.video.gdrive" version="0.8.35" name="gdrive" provider-name="ddurdle">
    <requires>
        <import addon="xbmc.python" version="2.1.0"/>
    </requires>
    <extension point="xbmc.python.pluginsource" library="default.py">
        <provides>audio image programs</provides>
    </extension>
    <extension point="xbmc.addon.metadata">
        <summary>Listen to music, watch videos and view photos from your Google Drive account</summary>
        <description>Plays music and video from your Google Drive account.  Not affiliated with Google.</description>
        <platform>all</platform>
    </extension>
</addon>


