<?xml version="1.0" encoding="UTF-8" standalone="yes"?>
<addon id="plugin.video.last_played" name="Last Played (all sources)" version="1.0.5" provider-name="Luis Rodrigues">
	<requires>
		<import addon="xbmc.python" version="2.1.0"/>
        <import addon="script.module.addon.common" version="2.0.0"/>
        <import addon="script.module.myconnpy" version="1.1.6"/>
	</requires>
	<extension point="xbmc.python.pluginsource" library="addon.py">
		<provides>video</provides>
	</extension>
	<extension point="xbmc.service" library="default.py" />
	<extension point="xbmc.addon.metadata">
		<summary lang="en">Last Played (all sources)</summary>
		<summary lang="pt">Ultimos Vistos (todas as fontes)</summary>
		<description lang="en">List of the last movies, episodes and music played, including streaming sources from any addon</description>
		<description lang="pt">Ultimos filmes, episodios e musicas tocadas, incluindo fontes de streaming de qualquer addon</description>
		<disclaimer lang="en"></disclaimer>
		<platform>all</platform>
		<license>GNU GENERAL PUBLIC LICENSE Version 3, 29 June 2007</license>
		<source>https://github.com/rodrigl/plugin.video.last_played</source>
	</extension>
</addon>