<?xml version="1.0" encoding="UTF-8" standalone="yes"?>
<addon id="plugin.program.Build.Tools" name="[B][COLOR orange]Build Tools Wizard[/COLOR][/B]" version="4.0" provider-name="[B][COLOR red]Gfake[/COLOR][/B]">
  <requires>
    <import addon="xbmc.python" version="2.1.0"/>
	</requires>
  <extension point="xbmc.python.pluginsource" library="default.py">
        <provides>executable</provides>
  </extension>
  <extension point="xbmc.service" library="startup.py" start="startup" />
  <extension point="xbmc.addon.metadata">
    <summary lang="en">Build Tools Wizard</summary>
    <description lang="en">.</description>
    <platform>all</platform>
  </extension>
</addon>