<?xml version="1.0" encoding="UTF-8" standalone="yes"?>
<addon id="plugin.audio.oldskool" version="1.0.3" name="Old Skool" provider-name="Mucky Duck">
	<requires>
		<import addon="xbmc.python"   version="2.1.0"/>
		<import addon="script.module.addon.common" />
		<import addon="script.module.requests" />
		<import addon="repository.mdrepo"/>
	</requires>
	<extension point="xbmc.python.pluginsource" library="default.py">
		<provides>audio</provides>
	</extension>
	<extension point="xbmc.addon.metadata">
		<summary lang="en">Old Tape Packs And Various Other Music Found On The Web</summary>
		<description lang="en">oldskool tape packs</description>
		<disclaimer lang="en">The author does not host or distribute any of the content displayed by this addon</disclaimer>
		<platform>all</platform>
		<license>GNU GENERAL PUBLIC LICENSE. Version 3, June 2007</license>
		<language>en</language>
	</extension>
</addon>