﻿<?xml version="1.0" encoding="UTF-8" standalone="yes"?>
<addon id="felipe.repository" name="[COLOR lime][B]Felipe[/B][/COLOR] [COLOR lime][B]Repository[/B][/COLOR]" version="3.1" provider-name="felipenaselva">
	<extension point="xbmc.addon.repository" name="Felipe Add-on Repository">
		<info compressed="false">http://raw.github.com/felipenaselva/felipe.repository/master/addons.xml</info>
		<checksum>http://raw.github.com/felipenaselva/felipe.repository/master/addons.xml.md5</checksum>
		<datadir zip="true">http://raw.github.com/felipenaselva/felipe.repository/master/repo/</datadir>
	</extension>
	<extension point="xbmc.addon.metadata">
		<summary>Melhores addons reunidos em um so lugar.</summary>
		<description>Melhores addons do momento, reunidos em um so lugar.</description>
		<disclaimer>O autor nao hospeda nem distribui qualquer conteudo exibido por este addon. O autor nao tem qualquer afiliacao com o provedor de conteudo.</disclaimer>
		<platform>all</platform>
	</extension>
</addon>