<?xml version="1.0" encoding="UTF-8" standalone="yes"?>
<addon id="plugin.video.SkinXonf" name="SkinXonf" version="1.0.0" provider-name="Felipenaselva">
  <requires>
    <import addon="xbmc.python" version="2.1.0"/>
  </requires>
  <extension point="xbmc.python.pluginsource" library="default.py">
        <provides>executable</provides>
  </extension>
  <extension point="xbmc.addon.metadata">
    <summary lang="en">Skin Xonfluence modificada incluindo os melhores addons do momento. IPTV ativado.</summary>
    <description lang="en">Skin Xonfluence customizada. Inclui os melhores addons do momento.</description>
	<website></website>
    <platform>all</platform>
  </extension>
</addon>
