﻿<?xml version="1.0" encoding="UTF-8" standalone="yes"?>
<addon id="repository.torrentbr" name="TorrentBR repository" version="1.0.0" provider-name="kreatorkodi">
	<extension point="xbmc.addon.repository" name="TorrentBR repository">
		<info compressed="false">http://raw.github.com/kreatorkodi/repository.torrentbr/master/addons.xml</info>
		<checksum>http://raw.github.com/kreatorkodi/repository.torrentbr/master/addons.xml.md5</checksum>
		<datadir zip="true">http://raw.github.com/kreatorkodi/repository.torrentbr/master/repo/</datadir>
	</extension>
	<extension point="xbmc.addon.metadata">
		<summary>TorrentBR repository</summary>
		<description>Filmes torrent HD</description>
		<disclaimer></disclaimer>
		<platform>all</platform>
	</extension>
</addon>