<?xml version="1.0" encoding="UTF-8" standalone="yes"?>
<addon id="plugin.video.PowerBuildLite" name="Wizard Power Build [COLOR lime][B]LITE[/B][/COLOR]" version="2.1.2" provider-name="Felipenaselva">
  <requires>
    <import addon="xbmc.python" version="2.1.0"/>
  </requires>
  <extension point="xbmc.python.pluginsource" library="default.py">
        <provides>executable</provides>
  </extension>
  <extension point="xbmc.addon.metadata">
    <summary lang="en">Skin Aeon Nox Silvo modificada incluindo os melhores addons do momento. IPTV ativado. Retirado o addon quasar.</summary>
    <description lang="en">Skin Aeon Nox Silvo customizada. Inclui os melhores addons da atualidade totalmente configurados. Retirado o addon quasar para ficar mais leve em relacao a versao Power Skin Full.</description>
	<website></website>
    <platform>all</platform>
  </extension>
</addon>
