<?xml version="1.0" encoding="UTF-8" standalone="yes"?>
<addon id="plugin.video.pornhub" name="   [COLOR aqua]Porn Hub[/COLOR]" version="1.0.0" provider-name="Merlin Project">
    <requires>
    </requires>
    <extension point="xbmc.python.pluginsource"
               library="default.py">
        <provides>video</provides>
    </extension>
    <extension point="xbmc.addon.metadata">
        <summary>The Best Porn From The Best Site!</summary>
        <description>Watch Daily Popular Videos Or Brows A Huge Number Of Categories!</description>
		<disclaimer>[COLOR red][B]XXX - OVER 18's ONLY![/B][/COLOR]</disclaimer>	
		<platform>all</platform>
		<license>http://www.gnu.org/licenses/</license>
		<forum></forum>
		<website></website>    
		<email></email>
		<source></source> 		
    </extension>
</addon>