<?xml version="1.0" encoding="UTF-8" standalone="yes"?>
<addon id="plugin.video.blurayplays"
       name="[COLOR white][B]BLURAY[/B][/COLOR] [COLOR gold][B]PLAY'S[/B][/COLOR]"
       version="0.7"
       provider-name="[B][COLOR gold]KENNEDY[/COLOR] [COLOR white]BLURAY[/COLOR] [COLOR gold]PLAY'S[/B][/COLOR]">
  <requires>
    <import addon="xbmc.python" version="2.1.0"/>
	<import addon="script.module.t0mm0.common" version="2.0.0"/>
    <import addon="script.module.beautifulsoup" version="3.2.1"/>
    <import addon="script.module.simple.downloader" version="0.9.4"/>
    <import addon="script.module.beautifulsoup4" />
    <import addon="script.module.simple.downloader" version="0.9.4"/>
    <import addon="script.module.requests" />
    <import addon="script.module.httplib2" />
    <import addon="script.module.youtube.dl" optional="true"/>
    <import addon="plugin.video.youtube" version="3.0.0"/>
    <import addon="script.module.urlresolver" optional="true"/>
    <import addon="script.module.simplejson" /> 
    <import addon="script.common.plugin.cache" version="2.5.2"/>
    <import addon="script.module.metahandler" version="2.5.1"/>
  </requires>
  <extension point="xbmc.python.pluginsource" library="default.py">
    <provides>video</provides>
  </extension>
  <extension point="xbmc.addon.metadata">
    <summary>[COLOR white][B]Um Vasto Conteúdo Em Um Só Lugar, Instale O Addon BLURAY PLAY'S[/B][/COLOR]</summary>
    <description lang="en">[B][COLOR gold]BLURAY PLAY'S É Apenas Um AGREGADOR De Links E Assim Como O Google.com, Apenas Agrega E Organiza Os Links Externos. Não Somos Responsáveis Pelos Conteúdos Encontrados Aqui.[/COLOR][/B]</description>
    <disclaimer lang="en">[B][COLOR white]QUER ASSINAR UMA LISTA PAGA ?[/COLOR][/B] [B][COLOR dodgerblue]SÓ CHAMAR (83) 998273023[/COLOR][/B]</disclaimer>
	<platform>all</platform>
    <assets>
	<icon>icon.png</icon>
    <fanart>fanart.jpg</fanart>
    <screenshot>resources/screenshots/01.jpg</screenshot>
    <screenshot>resources/screenshots/02.jpg</screenshot>
    <screenshot>resources/screenshots/03.jpg</screenshot>
	</assets>
  </extension>
</addon>

