<?xml version="1.0" encoding="utf-8"?>
<window>    
    <allowoverlay>no</allowoverlay>
    <coordinates>
        <system>1</system>
        <posx>0</posx>
        <posy>0</posy>
    </coordinates>
   <defaultcontrol always="true">59</defaultcontrol>

    <controls>
        <control type="image">
            <description>Background Image</description>
            <posx>0</posx>
            <posy>0</posy>
            <width>1280</width>
            <height>720</height>
            <texture>lbp_background.jpg</texture>
            <fadetime>500</fadetime>
        </control> 
		
		<control type="image">
            <description>Floor Image</description>
            <posx>0</posx>
            <posy>620</posy>
            <width>1280</width>
            <height>100</height>
            <texture>lbp_floor.png</texture>
            <fadetime>250</fadetime>
        </control> 
		
		<control type="group">
		    <posx>20</posx>
			<posy>40</posy> 
			<control type="image">
  				<description>Box Background Image</description>
				<posx>0</posx>
				<posy>0</posy>
				<width>1240</width>
				<height>610</height>
				<texture>lbp_background.png</texture>
			 </control>
			 
			 <control type="image">
				<description>Main Box</description>
				<posx>0</posx>
				<posy>0</posy>
				<width>1240</width>
				<height>610</height>
				<texture border="4">lbp_box.png</texture>
			 </control>
			 
			 <control type="button" id="3000">
     			<description>Logo</description>
				<posx>26</posx>
				<posy>5</posy>
				<width>100</width>
				<height>80</height>
				<texturenofocus>lbp_logo.png</texturenofocus>
                <texturefocus>lbp_logo.png</texturefocus>				
			 </control>
			 
			 <control type="textbox">
					<description>Description Text</description>
					<posx>130</posx>
					<posy>5</posy>
					<width>1080</width>
					<height>75</height>
					<textcolor>FFFFFFFF</textcolor>
					<font>font13</font>
					<wrapmultiline>true</wrapmultiline>
					<autoscroll time="1200" delay="5000" repeat="5000">true</autoscroll>    
					<label>$INFO[Window(10000).Property(lbp_MAINDESC)]</label>
				</control>
			 
			 <control type="image">
     			<description>Upper Line</description>
				<posx>0</posx>
				<posy>87</posy>
				<width>1240</width>
				<height>3</height>
				<texture>lbp_hLine.png</texture>
			 </control>	
			 
			<control type="group">
				<description>MainList Group</description>
				<posx>15</posx>
				<posy>95</posy>
				
				<control type="image">
					<posx>0</posx>
					<posy>0</posy>
					<width>635</width>
					<height>500</height>
					<texture border="20">lbp_ContentPanel.png</texture>
				</control>
				
				<control type="list" id="59">
					<description>MainList</description>
					<posx>10</posx>
					<posy>10</posy>
					<width>600</width>
					<height>480</height>
					<pagecontrol>159</pagecontrol>
					<onright>159</onright>
					<itemwidth>600</itemwidth>
					<scrolltime>200</scrolltime> 
	  
					<itemlayout width="600" height="80">
						<control type="image">
							<posx>0</posx>
							<posy>0</posy>
							<width>600</width>
							<height>80</height>
							<texture border="5">lbp_MenuItemNF.png</texture>
						</control>                    
						<control type="label">
							<posx>105</posx>
							<posy>0</posy>
							<width>490</width>
							<height>80</height>
							<font>font13</font>
							<textcolor>grey2</textcolor>
							<selectedcolor>selected</selectedcolor>
							<aligny>center</aligny>		    
							<align>left</align>
							<label>$INFO[ListItem.Label]</label> <!-- same as <info>ListItem.Label</info> -->
						</control>
						<control type="image">
							<posx>2</posx>
							<posy>2</posy>
							<width>100</width>
							<height>75</height>
							<aspectratio>stretch</aspectratio>
							<info>ListItem.Icon</info>
						</control>
					</itemlayout>

					<focusedlayout width="600" height="80">               
						<control type="image">
							<posx>0</posx>
							<posy>0</posy>
							<width>600</width>
							<height>80</height>                      
							<visible1>Control.HasFocus(59)</visible1>
							<texture border="3">lbp_MenuItemFO.png</texture>                        
						</control>                    
						<control type="label">
							<posx>105</posx>
							<posy>0</posy>
							<width>490</width>
							<height>80</height>
							<font>font13</font>
							<textcolor>FFFFFFFF</textcolor>
							<aligny>center</aligny>
							<align>left</align>
							<label>$INFO[ListItem.Label]</label>
						</control>
						<control type="image">
							<posx>2</posx>
							<posy>2</posy>
							<width>100</width>
							<height>75</height>
							<aspectratio>stretch</aspectratio>
							<info>ListItem.Icon</info>
						</control> 
						<control type="image">
								<posx>0</posx>
								<posy>0</posy>
								<width>600</width>
								<height>80</height>
								<texture border="4">lbp_whitebox.png</texture>
								<visible>Control.HasFocus(59)</visible>
							</control>    					
						
					</focusedlayout>
				</control> <!-- id="59" -->
			
				<control type="scrollbar" id="159">
					<posx>606</posx>
					<posy>5</posy>
					<width>25</width>
					<height>495</height>
					<texturesliderbackground border="0,14,0,14">lbp_ScrollBarV.png</texturesliderbackground>
					<texturesliderbar border="0,14,0,14">lbp_ScrollBarV_bar.png</texturesliderbar>
					<texturesliderbarfocus border="0,14,0,14">lbp_ScrollBarV_bar_focus.png</texturesliderbarfocus>
					<textureslidernib>lbp_ScrollBarNib.png</textureslidernib>
					<textureslidernibfocus>lbp_ScrollBarNib.png</textureslidernibfocus>
					<onleft>59</onleft>
					<onright>3010</onright>                
					<showonepage>true</showonepage>
					<orientation>vertical</orientation>
				</control> 
			</control> <!-- MainList Group -->
			
			<control type="group">
				<description>Thumbnail\Description Group</description>
				<posx>650</posx>
				<posy>95</posy>     

				<control type="image">
						<posx>0</posx>
						<posy>0</posy>
						<width>320</width>
						<height>240</height>
						<texture border="20">lbp_ContentPanel.png</texture>
				</control>
				<control type="image">
					<posx>12</posx>
					<posy>12</posy>
					<width>296</width>
					<height>216</height>                
					<fadetime>500</fadetime>					
					<texture>$INFO[ListItem.Property(Thumb)]</texture>
					<aspectratio>stretch</aspectratio>
				</control>
				<control type="image">
						<posx>320</posx>
						<posy>0</posy>
						<width>260</width>
						<height>240</height>
						<texture border="20">lbp_ContentPanel.png</texture>
				</control>
				<control type="textbox">
					<description>Description Text</description>
					<posx>330</posx>
					<posy>10</posy>
					<width>240</width>
					<height>215</height>
					<textcolor>FFFFFFFF</textcolor>
					<font>font13</font>
					<wrapmultiline>true</wrapmultiline>
					<autoscroll time="1200" delay="5000" repeat="5000">true</autoscroll>    
					<label>$INFO[ListItem.Property(Description)]</label>
				</control>
			</control>
			
			<control type="group">
				<description>Fanart</description>
				<posx>650</posx>
				<posy>335</posy>    
				<control type="image">
					<posx>0</posx>
					<posy>0</posy>
					<width>580</width>
					<height>260</height>
					<texture border="20">lbp_ContentPanel.png</texture>
				</control>
				<control type="image">
						<posx>5</posx>
						<posy>5</posy>
						<width>570</width>
						<height>250</height>
						<fadetime>500</fadetime>					
  					    <texture>$INFO[ListItem.Property(Fanart)]</texture>
					    <aspectratio>stretch</aspectratio>
				</control>
			</control> 
		</control>		
		
		<control type="label">
			<description>footer</description>
			<posx>5</posx>
			<posy>705</posy>
			<width>1270</width>
			<height>10</height>
			<font>font10</font>
			<textcolor>FFFFFFFF</textcolor>
			<aligny>center</aligny>
			<align>left</align>
			<label>$INFO[Window(10000).Property(LB_FOOTER)]</label>
		</control>
		
		<control type="label">
			<description>time label</description>
			<posx>20r</posx>
			<posy>5</posy>
			<width>200</width>
			<height>30</height>
			<align>right</align>
			<aligny>center</aligny>
			<font>font28_title</font>
			<textcolor>white</textcolor>
			<shadowcolor>black</shadowcolor>
			<label>$INFO[System.Time]</label>
		</control>
    </controls>
</window>
