<?xml version="1.0" encoding="UTF-8" standalone="yes"?>
<addon id="plugin.video.watchtvbrasil"
       name="[COLOR orange][B]Watch TV Brasil[/B][/COLOR]"
       version="[COLOR orange][B] 2.0 [/B][/COLOR]"
       provider-name="[COLOR orange][B] Fabio Toledo [/B][/COLOR]">
  <requires>
    <import addon="xbmc.python" version="2.1.0"/>
	<import addon="script.module.t0mm0.common" version="2.0.0"/>
    <import addon="script.module.beautifulsoup" version="3.2.1"/>
    <import addon="script.module.simple.downloader" version="0.9.4"/>
    <import addon="script.module.beautifulsoup4"/>
    <import addon="script.module.simple.downloader" version="0.9.4"/>
    <import addon="script.module.requests" />
    <import addon="script.module.httplib2" />
    <import addon="script.module.youtube.dl" optional="true"/>
    <import addon="plugin.video.youtube" version="3.0.0"/>
    <import addon="script.module.urlresolver"/>
    <import addon="script.module.simplejson" /> 
    <import addon="script.common.plugin.cache" version="2.5.2"/>
    <import addon="script.module.metahandler" version="2.5.1"/>
	<import addon="script.module.livestreamer" optional="true"/>
	
  </requires>
  <extension point="xbmc.python.pluginsource" library="default.py">
    <provides>video</provides>
  </extension>
  <extension point="xbmc.addon.metadata">
    <summary lang="en">[COLOR orange][B]Add-On Watch TV Brasil[/B][/COLOR]</summary>
    <description lang="en">[COLOR orange][B] Assista a Filmes, Séries, Desenhos, Canais de TV e muito mais com o Watch TV Brasil, o Add-On mais completo do Brasil. [/B][/COLOR]</description>
    <platform>all</platform>
  </extension>
</addon>
