<?xml version="1.0" encoding="UTF-8" standalone="yes"?>
<addon id="plugin.video.CubePlay" name="Cube Play" version="18.04.05" provider-name="CubePlay">
  <extension point="xbmc.python.pluginsource" library="default.py">
        <provides>video</provides>
  </extension>
  <extension point="xbmc.addon.metadata">
  <news>
Add-on Retirado do Canal TONY WARLLEY TUTORIAIS, não baixe Add-ons que não sejam Oficial, Add-ons Oficiais somente no CANAL TONY WARLLEY TUTORIAIS.
        </news>
    <summary lang="en">NetCine</summary>
    <description lang="en">Addon modificado do PlaylistLoader 1.2.0 por Avigdor https://github.com/avigdork/xbmc-avigdork. Nao somos responsaveis por colocar o conteudo online, apenas indexamos. Para sugestoes e report de bugs nossa pagina no FB: [COLOR blue]http://fb.com/CubePlayKodi[/COLOR]</description>
    <platform>all</platform>
	<news>
	</news>
  </extension>
</addon>
