<?xml version="1.0" encoding="UTF-8" standalone="yes"?>
<addon id="plugin.video.AtTheFlix" name="[COLOR red]At The Flix[/COLOR]" version="1.7" provider-name="Maverick">
	<requires>
		<import addon="xbmc.python" version="2.1.0" />
		<import addon="script.module.pyxbmct" version="1.1.4" />
		<import addon="script.module.urlresolver" />
		<import addon="plugin.video.youtube" version="3.0.0"/>
	</requires>
	<extension point="xbmc.python.pluginsource" library="default.py">
		<provides>video</provides>
	</extension>
	<extension point="xbmc.addon.metadata">
		<summary lang="en">At The Flix</summary>
		<description lang="en">At The Flix</description>
		<platform>all</platform>
		<forum>At The Flix</forum>
		<website>At The Flix</website>
	</extension>
</addon>

