<?xml version="1.0" encoding="UTF-8" standalone="yes"?>
<addon id="plugin.video.worldofseries"
       name="[B][COLOR white]WORLD OF SERIES[/COLOR][/B]"
       version="[B][COLOR lime]1.0[/COLOR][/B]"
       provider-name="[B][COLOR lime]EQUIPE: WORLD OF SERIES[/COLOR][/B]">
  <requires>
    <import addon="xbmc.python" version="2.1.0"/>
	<import addon="script.module.t0mm0.common" version="2.0.0"/>
    <import addon="script.module.beautifulsoup" version="3.2.1"/>
    <import addon="script.module.simple.downloader" version="0.9.4"/>
    <import addon="script.module.beautifulsoup4" />
    <import addon="script.module.simple.downloader" version="0.9.4"/>
    <import addon="script.module.requests" />
    <import addon="script.module.httplib2" />
    <import addon="script.module.urlresolver" optional="true"/>
    <import addon="script.module.simplejson" /> 
    <import addon="script.common.plugin.cache" version="2.5.2"/>
    <import addon="script.module.metahandler" version="2.5.1"/>

  </requires>
  <extension point="xbmc.python.pluginsource" library="default.py">
    <provides>video</provides>
  </extension>
  <extension point="xbmc.addon.metadata">
    <summary>[B][COLOR white]Um Vasto Conteudo Em Um So Lugar, Instale O Addon WORLD OF SERIES[/COLOR][/B]</summary>
    <description lang="en">[B][COLOR white]WORLD OF SERIES E Apenas Um AGREGADOR De Links E, Assim Como O Google.com, Apenas Agrega E Organiza Os Links Externos. Não Somos Responsáveis Pelos Arquivos Aqui encontrados.[/COLOR][/B]</description>
    <disclaimer lang="en">[B][COLOR gold]DOACOES MANTEM O ADDON ATUALIZADO > DOACOES:[/COLOR] [COLOR gold]FB/WorldOfSeries[/COLOR][/B]</disclaimer>
	<platform>all</platform>
    <assets>
	<icon>icon.png</icon>
    <fanart>fanart.jpg</fanart>
    <screenshot>resources/screenshots/home.png</screenshot>
    <screenshot>resources/screenshots/movies.png</screenshot>
    <screenshot>resources/screenshots/series.png</screenshot>
	</assets>
  </extension>
</addon>