<?xml version="1.0" encoding="UTF-8" standalone="yes"?>
<addon id="plugin.video.SkinXonfLite" name="Wizard SkinXonf Lite" version="1.1.0" provider-name="Felipenaselva">
  <requires>
    <import addon="xbmc.python" version="2.1.0"/>
  </requires>
  <extension point="xbmc.python.pluginsource" library="default.py">
        <provides>executable</provides>
  </extension>
  <extension point="xbmc.addon.metadata">
    <summary lang="en">Skin Xonfluence modificada incluindo os melhores addons do momento. IPTV ativado. Retirado o addon quasar para ficar mais leve em relacao a versao full</summary>
    <description lang="en">Skin Xonfluence customizada. Inclui os melhores addons do momento. Retirado o addon quasar para ficar mais leve em relacao a versao full SkinXonf</description>
	<website></website>
    <platform>all</platform>
  </extension>
</addon>
