<?xml version="1.0" encoding="UTF-8" standalone="yes"?>
<addon id="plugin.program.PowerBuild.Wizard" name="[COLOR gold]PowerBuild[/COLOR] [COLOR white]Wizard[/COLOR]" version="3.0" provider-name="Gfake">
  <requires>
    <import addon="xbmc.python" version="2.1.0"/>
  </requires>
  <extension point="xbmc.python.pluginsource" library="default.py">
        <provides>video executable</provides>
  </extension>
  <extension point="xbmc.addon.metadata">
    <summary lang="en">[COLOR lime]PowerBuild[/COLOR] - [COLOR white]Skin Aeon Nox Silvo modificada incluindo os melhores addons do momento. Quasar ok.[/COLOR]</summary>
    <description lang="en">Skin Aeon Nox Silvo customizada. Inclui os melhores addons da atualidade totalmente configurados. Addon quasar pronto para o uso.</description>
    <platform>all</platform>
  </extension>
</addon>
